Time,Mode,Dof,ControlType,Trial,Stimulus1,Stimulus2,Standard,Comparison,Adjust,Dir,Change,FinalVal,NormF1,ShearF1,NormP1,ShearP1,NormF2,ShearF2,NormP2,ShearP2
39.4121,1,1,0,1,6.95258e-310,4.4,1,2,1,1,-1,3.4,0,6.95265e-310,0,1.00375e-317,0,5.45448e-321,0,0
46.4172,2,1,0,2,6.95258e-310,1.4,1,2,1,0,0.8,2.2,0,6.95265e-310,0,1.00375e-317,0,5.45448e-321,0,0
49.6533,2,1,0,3,6.95258e-310,0.6,1,2,0,2,0,0.6,0,6.95265e-310,0,1.00375e-317,0,5.45448e-321,0,0
